request_id,source_location_id,destination_location_id,category,urgency,time_submitted,deadline,status,requiredResourceType,peopleAffected,priorityScore,description,dataNote
1,1,13,THEFT_REPORT,2,2026-08-04T16:17:00Z,2026-08-04T19:46:00Z,IN_PROGRESS,INVESTIGATION_TEAM,1,42,Synthetic theft report request for project testing,Synthetic fictional request; not a report of a real incident
2,45,29,MEDICAL_EMERGENCY,5,2026-08-05T08:24:00Z,2026-08-05T08:33:00Z,COMPLETED,AMBULANCE,5,100,Synthetic medical emergency request for project testing,Synthetic fictional request; not a report of a real incident
3,4,30,WELFARE_CHECK,2,2026-08-02T11:17:00Z,2026-08-02T13:36:00Z,IN_PROGRESS,PATROL_OFFICER,1,42,Synthetic welfare check request for project testing,Synthetic fictional request; not a report of a real incident
4,4,15,NIGHT_PATROL_REQUEST,2,2026-08-04T12:18:00Z,2026-08-04T15:40:00Z,PENDING,MOTORCYCLE_PATROL,1,41,Synthetic night patrol request for project testing,Synthetic fictional request; not a report of a real incident
5,25,19,CROWD_CONTROL,4,2026-08-02T00:42:00Z,2026-08-02T01:21:00Z,IN_PROGRESS,CROWD_CONTROL_TEAM,39,73,Synthetic crowd control request for project testing,Synthetic fictional request; not a report of a real incident
6,1,12,WELFARE_CHECK,3,2026-08-06T23:34:00Z,2026-08-07T01:03:00Z,IN_PROGRESS,PATROL_OFFICER,1,61,Synthetic welfare check request for project testing,Synthetic fictional request; not a report of a real incident
7,44,26,SUSPICIOUS_ACTIVITY,5,2026-08-02T19:53:00Z,2026-08-02T20:08:00Z,COMPLETED,PATROL_OFFICER,1,97,Synthetic suspicious activity request for project testing,Synthetic fictional request; not a report of a real incident
8,30,36,ACCESS_CONTROL,2,2026-08-06T06:33:00Z,2026-08-06T11:50:00Z,COMPLETED,PATROL_OFFICER,1,40,Synthetic access control request for project testing,Synthetic fictional request; not a report of a real incident
9,1,10,ACCESS_CONTROL,2,2026-08-03T05:00:00Z,2026-08-03T10:13:00Z,COMPLETED,PATROL_OFFICER,1,37,Synthetic access control request for project testing,Synthetic fictional request; not a report of a real incident
10,1,11,NIGHT_PATROL_REQUEST,1,2026-08-05T02:07:00Z,2026-08-05T09:21:00Z,COMPLETED,MOTORCYCLE_PATROL,1,25,Synthetic night patrol request for project testing,Synthetic fictional request; not a report of a real incident
11,25,14,MEDICAL_EMERGENCY,5,2026-08-07T01:50:00Z,2026-08-07T02:03:00Z,COMPLETED,AMBULANCE,4,100,Synthetic medical emergency request for project testing,Synthetic fictional request; not a report of a real incident
12,45,23,ACCESS_CONTROL,2,2026-08-02T20:08:00Z,2026-08-03T00:07:00Z,PENDING,PATROL_OFFICER,1,36,Synthetic access control request for project testing,Synthetic fictional request; not a report of a real incident
13,30,37,SECURITY_ESCORT,3,2026-08-05T00:32:00Z,2026-08-05T01:19:00Z,IN_PROGRESS,PATROL_OFFICER,1,56,Synthetic security escort request for project testing,Synthetic fictional request; not a report of a real incident
14,30,21,WELFARE_CHECK,3,2026-08-03T05:12:00Z,2026-08-03T06:00:00Z,ASSIGNED,PATROL_OFFICER,1,58,Synthetic welfare check request for project testing,Synthetic fictional request; not a report of a real incident
15,3,29,ROAD_OBSTRUCTION,3,2026-08-05T18:18:00Z,2026-08-05T20:03:00Z,PENDING,PATROL_VEHICLE,1,58,Synthetic road obstruction request for project testing,Synthetic fictional request; not a report of a real incident
16,4,32,SECURITY_ESCORT,3,2026-08-02T23:08:00Z,2026-08-02T23:58:00Z,COMPLETED,PATROL_OFFICER,1,58,Synthetic security escort request for project testing,Synthetic fictional request; not a report of a real incident
17,1,24,SECURITY_ESCORT,3,2026-08-03T01:17:00Z,2026-08-03T02:11:00Z,PENDING,PATROL_OFFICER,1,59,Synthetic security escort request for project testing,Synthetic fictional request; not a report of a real incident
18,3,20,SECURITY_ESCORT,3,2026-08-04T17:47:00Z,2026-08-04T19:25:00Z,PENDING,PATROL_OFFICER,1,60,Synthetic security escort request for project testing,Synthetic fictional request; not a report of a real incident
19,4,41,ROAD_OBSTRUCTION,4,2026-08-07T03:39:00Z,2026-08-07T04:02:00Z,COMPLETED,PATROL_VEHICLE,1,75,Synthetic road obstruction request for project testing,Synthetic fictional request; not a report of a real incident
20,25,31,NIGHT_PATROL_REQUEST,2,2026-08-04T01:30:00Z,2026-08-04T03:39:00Z,PENDING,MOTORCYCLE_PATROL,1,37,Synthetic night patrol request for project testing,Synthetic fictional request; not a report of a real incident
21,4,39,SECURITY_ESCORT,3,2026-08-07T00:46:00Z,2026-08-07T02:35:00Z,PENDING,PATROL_OFFICER,1,60,Synthetic security escort request for project testing,Synthetic fictional request; not a report of a real incident
22,1,15,THEFT_REPORT,3,2026-08-06T07:17:00Z,2026-08-06T08:33:00Z,ASSIGNED,INVESTIGATION_TEAM,1,59,Synthetic theft report request for project testing,Synthetic fictional request; not a report of a real incident
23,44,31,SUSPICIOUS_ACTIVITY,4,2026-08-04T16:56:00Z,2026-08-04T17:19:00Z,PENDING,PATROL_OFFICER,1,75,Synthetic suspicious activity request for project testing,Synthetic fictional request; not a report of a real incident
24,45,16,CROWD_CONTROL,3,2026-08-05T11:50:00Z,2026-08-05T13:48:00Z,COMPLETED,CROWD_CONTROL_TEAM,26,56,Synthetic crowd control request for project testing,Synthetic fictional request; not a report of a real incident
25,30,26,EMERGENCY_TRANSPORT,3,2026-08-06T18:40:00Z,2026-08-06T20:18:00Z,ASSIGNED,RAPID_RESPONSE_TEAM,4,56,Synthetic emergency transport request for project testing,Synthetic fictional request; not a report of a real incident
26,45,34,THEFT_REPORT,4,2026-08-06T09:26:00Z,2026-08-06T09:47:00Z,PENDING,INVESTIGATION_TEAM,1,72,Synthetic theft report request for project testing,Synthetic fictional request; not a report of a real incident
27,1,21,MEDICAL_EMERGENCY,4,2026-08-03T07:55:00Z,2026-08-03T08:17:00Z,ASSIGNED,AMBULANCE,4,82,Synthetic medical emergency request for project testing,Synthetic fictional request; not a report of a real incident
28,44,34,CCTV_FAULT,2,2026-08-05T20:48:00Z,2026-08-05T23:27:00Z,IN_PROGRESS,CCTV_TECHNICIAN,1,44,Synthetic cctv fault request for project testing,Synthetic fictional request; not a report of a real incident
29,1,34,SECURITY_ESCORT,4,2026-08-04T21:08:00Z,2026-08-04T21:36:00Z,COMPLETED,PATROL_OFFICER,1,77,Synthetic security escort request for project testing,Synthetic fictional request; not a report of a real incident
30,4,24,ACCESS_CONTROL,1,2026-08-05T23:17:00Z,2026-08-06T08:08:00Z,COMPLETED,PATROL_OFFICER,1,21,Synthetic access control request for project testing,Synthetic fictional request; not a report of a real incident
31,4,31,SECURITY_ESCORT,2,2026-08-05T16:15:00Z,2026-08-05T19:19:00Z,ASSIGNED,PATROL_OFFICER,1,38,Synthetic security escort request for project testing,Synthetic fictional request; not a report of a real incident
32,1,13,WELFARE_CHECK,4,2026-08-02T16:38:00Z,2026-08-02T17:09:00Z,PENDING,PATROL_OFFICER,1,76,Synthetic welfare check request for project testing,Synthetic fictional request; not a report of a real incident
33,3,27,SUSPICIOUS_ACTIVITY,5,2026-08-04T11:48:00Z,2026-08-04T12:02:00Z,ASSIGNED,PATROL_OFFICER,1,93,Synthetic suspicious activity request for project testing,Synthetic fictional request; not a report of a real incident
34,44,18,ACCESS_CONTROL,3,2026-08-03T07:01:00Z,2026-08-03T08:05:00Z,COMPLETED,PATROL_OFFICER,1,62,Synthetic access control request for project testing,Synthetic fictional request; not a report of a real incident
35,44,16,CROWD_CONTROL,4,2026-08-04T19:50:00Z,2026-08-04T20:22:00Z,COMPLETED,CROWD_CONTROL_TEAM,23,74,Synthetic crowd control request for project testing,Synthetic fictional request; not a report of a real incident
36,1,10,FIRE_ALARM,4,2026-08-02T10:32:00Z,2026-08-02T11:00:00Z,COMPLETED,FIRE_RESPONSE_UNIT,39,80,Synthetic fire alarm request for project testing,Synthetic fictional request; not a report of a real incident
37,4,28,SECURITY_ESCORT,4,2026-08-06T23:37:00Z,2026-08-07T00:15:00Z,COMPLETED,PATROL_OFFICER,1,75,Synthetic security escort request for project testing,Synthetic fictional request; not a report of a real incident
38,3,43,CCTV_FAULT,2,2026-08-02T03:15:00Z,2026-08-02T06:28:00Z,PENDING,CCTV_TECHNICIAN,1,37,Synthetic cctv fault request for project testing,Synthetic fictional request; not a report of a real incident
39,4,13,THEFT_REPORT,4,2026-08-04T21:55:00Z,2026-08-04T22:20:00Z,COMPLETED,INVESTIGATION_TEAM,1,73,Synthetic theft report request for project testing,Synthetic fictional request; not a report of a real incident
40,30,36,WELFARE_CHECK,3,2026-08-06T20:35:00Z,2026-08-06T22:33:00Z,COMPLETED,PATROL_OFFICER,1,58,Synthetic welfare check request for project testing,Synthetic fictional request; not a report of a real incident
41,45,39,SECURITY_ESCORT,3,2026-08-01T15:05:00Z,2026-08-01T16:42:00Z,COMPLETED,PATROL_OFFICER,1,57,Synthetic security escort request for project testing,Synthetic fictional request; not a report of a real incident
42,30,26,THEFT_REPORT,3,2026-08-03T12:54:00Z,2026-08-03T14:11:00Z,ASSIGNED,INVESTIGATION_TEAM,1,62,Synthetic theft report request for project testing,Synthetic fictional request; not a report of a real incident
43,25,10,NIGHT_PATROL_REQUEST,2,2026-08-04T03:18:00Z,2026-08-04T08:23:00Z,COMPLETED,MOTORCYCLE_PATROL,1,40,Synthetic night patrol request for project testing,Synthetic fictional request; not a report of a real incident
44,4,31,WELFARE_CHECK,3,2026-08-01T12:32:00Z,2026-08-01T14:10:00Z,PENDING,PATROL_OFFICER,1,60,Synthetic welfare check request for project testing,Synthetic fictional request; not a report of a real incident
45,4,32,ACCESS_CONTROL,2,2026-08-03T14:12:00Z,2026-08-03T16:40:00Z,COMPLETED,PATROL_OFFICER,1,37,Synthetic access control request for project testing,Synthetic fictional request; not a report of a real incident
46,44,13,ACCESS_CONTROL,2,2026-08-04T20:23:00Z,2026-08-05T01:22:00Z,COMPLETED,PATROL_OFFICER,1,38,Synthetic access control request for project testing,Synthetic fictional request; not a report of a real incident
47,3,36,ROAD_OBSTRUCTION,4,2026-08-03T10:08:00Z,2026-08-03T10:34:00Z,COMPLETED,PATROL_VEHICLE,1,75,Synthetic road obstruction request for project testing,Synthetic fictional request; not a report of a real incident
48,45,28,CCTV_FAULT,1,2026-08-02T17:13:00Z,2026-08-03T01:47:00Z,COMPLETED,CCTV_TECHNICIAN,1,20,Synthetic cctv fault request for project testing,Synthetic fictional request; not a report of a real incident
49,30,22,SECURITY_ESCORT,2,2026-08-04T09:04:00Z,2026-08-04T12:17:00Z,COMPLETED,PATROL_OFFICER,1,41,Synthetic security escort request for project testing,Synthetic fictional request; not a report of a real incident
50,30,1,SECURITY_ESCORT,3,2026-08-03T19:49:00Z,2026-08-03T20:46:00Z,COMPLETED,PATROL_OFFICER,1,58,Synthetic security escort request for project testing,Synthetic fictional request; not a report of a real incident
51,25,14,CROWD_CONTROL,5,2026-08-04T00:18:00Z,2026-08-04T00:38:00Z,COMPLETED,CROWD_CONTROL_TEAM,58,97,Synthetic crowd control request for project testing,Synthetic fictional request; not a report of a real incident
52,30,3,CCTV_FAULT,2,2026-08-06T18:21:00Z,2026-08-06T20:24:00Z,PENDING,CCTV_TECHNICIAN,1,41,Synthetic cctv fault request for project testing,Synthetic fictional request; not a report of a real incident
53,30,29,MEDICAL_EMERGENCY,5,2026-08-02T15:22:00Z,2026-08-02T15:38:00Z,COMPLETED,AMBULANCE,3,100,Synthetic medical emergency request for project testing,Synthetic fictional request; not a report of a real incident
54,45,10,THEFT_REPORT,4,2026-08-03T02:37:00Z,2026-08-03T03:01:00Z,PENDING,INVESTIGATION_TEAM,1,76,Synthetic theft report request for project testing,Synthetic fictional request; not a report of a real incident
55,25,37,CCTV_FAULT,2,2026-08-03T09:05:00Z,2026-08-03T14:57:00Z,IN_PROGRESS,CCTV_TECHNICIAN,1,42,Synthetic cctv fault request for project testing,Synthetic fictional request; not a report of a real incident
56,3,13,NIGHT_PATROL_REQUEST,2,2026-08-01T21:59:00Z,2026-08-02T01:50:00Z,COMPLETED,MOTORCYCLE_PATROL,1,43,Synthetic night patrol request for project testing,Synthetic fictional request; not a report of a real incident
57,45,21,WELFARE_CHECK,2,2026-08-02T22:45:00Z,2026-08-03T00:54:00Z,IN_PROGRESS,PATROL_OFFICER,1,40,Synthetic welfare check request for project testing,Synthetic fictional request; not a report of a real incident
58,3,48,SECURITY_ESCORT,3,2026-08-03T09:53:00Z,2026-08-03T10:45:00Z,IN_PROGRESS,PATROL_OFFICER,1,57,Synthetic security escort request for project testing,Synthetic fictional request; not a report of a real incident
59,45,13,SECURITY_ESCORT,4,2026-08-03T17:25:00Z,2026-08-03T18:03:00Z,ASSIGNED,PATROL_OFFICER,1,74,Synthetic security escort request for project testing,Synthetic fictional request; not a report of a real incident
60,3,18,THEFT_REPORT,3,2026-08-02T21:43:00Z,2026-08-02T23:41:00Z,ASSIGNED,INVESTIGATION_TEAM,1,54,Synthetic theft report request for project testing,Synthetic fictional request; not a report of a real incident
61,1,14,SECURITY_ESCORT,3,2026-08-07T01:49:00Z,2026-08-07T03:21:00Z,COMPLETED,PATROL_OFFICER,1,58,Synthetic security escort request for project testing,Synthetic fictional request; not a report of a real incident
62,30,39,CCTV_FAULT,3,2026-08-02T08:57:00Z,2026-08-02T10:24:00Z,PENDING,CCTV_TECHNICIAN,1,62,Synthetic cctv fault request for project testing,Synthetic fictional request; not a report of a real incident
63,4,14,ROAD_OBSTRUCTION,3,2026-08-05T10:05:00Z,2026-08-05T11:37:00Z,IN_PROGRESS,PATROL_VEHICLE,1,54,Synthetic road obstruction request for project testing,Synthetic fictional request; not a report of a real incident
64,30,20,SECURITY_ESCORT,3,2026-08-04T00:03:00Z,2026-08-04T01:31:00Z,PENDING,PATROL_OFFICER,1,54,Synthetic security escort request for project testing,Synthetic fictional request; not a report of a real incident
65,44,50,CROWD_CONTROL,4,2026-08-05T20:59:00Z,2026-08-05T21:36:00Z,CANCELLED,CROWD_CONTROL_TEAM,61,76,Synthetic crowd control request for project testing,Synthetic fictional request; not a report of a real incident
66,1,32,CROWD_CONTROL,4,2026-08-06T02:04:00Z,2026-08-06T02:49:00Z,IN_PROGRESS,CROWD_CONTROL_TEAM,11,76,Synthetic crowd control request for project testing,Synthetic fictional request; not a report of a real incident
67,1,11,FIRE_ALARM,5,2026-08-05T11:21:00Z,2026-08-05T11:31:00Z,PENDING,FIRE_RESPONSE_UNIT,80,100,Synthetic fire alarm request for project testing,Synthetic fictional request; not a report of a real incident
68,45,22,CCTV_FAULT,2,2026-08-06T20:21:00Z,2026-08-07T00:37:00Z,IN_PROGRESS,CCTV_TECHNICIAN,1,37,Synthetic cctv fault request for project testing,Synthetic fictional request; not a report of a real incident
69,45,33,SUSPICIOUS_ACTIVITY,4,2026-08-07T05:06:00Z,2026-08-07T05:49:00Z,COMPLETED,PATROL_OFFICER,1,74,Synthetic suspicious activity request for project testing,Synthetic fictional request; not a report of a real incident
70,3,40,WELFARE_CHECK,2,2026-08-03T05:31:00Z,2026-08-03T09:06:00Z,PENDING,PATROL_OFFICER,1,40,Synthetic welfare check request for project testing,Synthetic fictional request; not a report of a real incident
71,30,1,CCTV_FAULT,1,2026-08-02T19:01:00Z,2026-08-03T01:12:00Z,COMPLETED,CCTV_TECHNICIAN,1,23,Synthetic cctv fault request for project testing,Synthetic fictional request; not a report of a real incident
72,4,19,CCTV_FAULT,2,2026-08-05T01:35:00Z,2026-08-05T05:20:00Z,ASSIGNED,CCTV_TECHNICIAN,1,39,Synthetic cctv fault request for project testing,Synthetic fictional request; not a report of a real incident
73,30,48,SUSPICIOUS_ACTIVITY,4,2026-08-06T14:50:00Z,2026-08-06T15:24:00Z,PENDING,PATROL_OFFICER,1,78,Synthetic suspicious activity request for project testing,Synthetic fictional request; not a report of a real incident
74,25,36,MEDICAL_EMERGENCY,4,2026-08-04T05:08:00Z,2026-08-04T05:30:00Z,PENDING,AMBULANCE,4,87,Synthetic medical emergency request for project testing,Synthetic fictional request; not a report of a real incident
75,44,22,MEDICAL_EMERGENCY,5,2026-08-05T21:56:00Z,2026-08-05T22:11:00Z,PENDING,AMBULANCE,3,100,Synthetic medical emergency request for project testing,Synthetic fictional request; not a report of a real incident
76,1,27,WELFARE_CHECK,3,2026-08-03T12:49:00Z,2026-08-03T14:06:00Z,ASSIGNED,PATROL_OFFICER,1,62,Synthetic welfare check request for project testing,Synthetic fictional request; not a report of a real incident
77,4,5,THEFT_REPORT,2,2026-08-06T06:38:00Z,2026-08-06T11:49:00Z,COMPLETED,INVESTIGATION_TEAM,1,42,Synthetic theft report request for project testing,Synthetic fictional request; not a report of a real incident
78,1,32,SECURITY_ESCORT,3,2026-08-03T01:01:00Z,2026-08-03T02:16:00Z,PENDING,PATROL_OFFICER,1,54,Synthetic security escort request for project testing,Synthetic fictional request; not a report of a real incident
79,30,38,SECURITY_ESCORT,2,2026-08-06T03:37:00Z,2026-08-06T07:54:00Z,IN_PROGRESS,PATROL_OFFICER,1,40,Synthetic security escort request for project testing,Synthetic fictional request; not a report of a real incident
80,45,23,SUSPICIOUS_ACTIVITY,4,2026-08-02T09:35:00Z,2026-08-02T10:14:00Z,PENDING,PATROL_OFFICER,1,78,Synthetic suspicious activity request for project testing,Synthetic fictional request; not a report of a real incident
81,45,44,EMERGENCY_TRANSPORT,4,2026-08-06T08:18:00Z,2026-08-06T08:50:00Z,COMPLETED,RAPID_RESPONSE_TEAM,2,74,Synthetic emergency transport request for project testing,Synthetic fictional request; not a report of a real incident
82,1,32,SUSPICIOUS_ACTIVITY,5,2026-08-03T20:06:00Z,2026-08-03T20:21:00Z,COMPLETED,PATROL_OFFICER,1,93,Synthetic suspicious activity request for project testing,Synthetic fictional request; not a report of a real incident
83,44,5,ROAD_OBSTRUCTION,4,2026-08-02T07:56:00Z,2026-08-02T08:21:00Z,IN_PROGRESS,PATROL_VEHICLE,1,77,Synthetic road obstruction request for project testing,Synthetic fictional request; not a report of a real incident
84,25,14,THEFT_REPORT,2,2026-08-05T19:33:00Z,2026-08-05T22:37:00Z,PENDING,INVESTIGATION_TEAM,1,43,Synthetic theft report request for project testing,Synthetic fictional request; not a report of a real incident
85,45,19,THEFT_REPORT,4,2026-08-02T20:39:00Z,2026-08-02T21:24:00Z,ASSIGNED,INVESTIGATION_TEAM,1,80,Synthetic theft report request for project testing,Synthetic fictional request; not a report of a real incident
86,30,18,SECURITY_ESCORT,2,2026-08-06T08:00:00Z,2026-08-06T10:05:00Z,COMPLETED,PATROL_OFFICER,1,37,Synthetic security escort request for project testing,Synthetic fictional request; not a report of a real incident
87,1,44,SECURITY_ESCORT,3,2026-08-05T13:29:00Z,2026-08-05T14:34:00Z,PENDING,PATROL_OFFICER,1,62,Synthetic security escort request for project testing,Synthetic fictional request; not a report of a real incident
88,1,23,ROAD_OBSTRUCTION,3,2026-08-04T22:52:00Z,2026-08-04T23:45:00Z,PENDING,PATROL_VEHICLE,1,58,Synthetic road obstruction request for project testing,Synthetic fictional request; not a report of a real incident
89,3,28,THEFT_REPORT,3,2026-08-02T11:57:00Z,2026-08-02T13:04:00Z,PENDING,INVESTIGATION_TEAM,1,61,Synthetic theft report request for project testing,Synthetic fictional request; not a report of a real incident
90,3,20,SUSPICIOUS_ACTIVITY,3,2026-08-04T21:25:00Z,2026-08-04T23:11:00Z,ASSIGNED,PATROL_OFFICER,1,55,Synthetic suspicious activity request for project testing,Synthetic fictional request; not a report of a real incident
91,4,16,EMERGENCY_TRANSPORT,5,2026-08-04T22:52:00Z,2026-08-04T23:11:00Z,COMPLETED,RAPID_RESPONSE_TEAM,5,95,Synthetic emergency transport request for project testing,Synthetic fictional request; not a report of a real incident
92,30,3,EMERGENCY_TRANSPORT,4,2026-08-01T17:11:00Z,2026-08-01T17:36:00Z,IN_PROGRESS,RAPID_RESPONSE_TEAM,3,78,Synthetic emergency transport request for project testing,Synthetic fictional request; not a report of a real incident
93,44,34,WELFARE_CHECK,4,2026-08-04T04:36:00Z,2026-08-04T05:20:00Z,ASSIGNED,PATROL_OFFICER,1,73,Synthetic welfare check request for project testing,Synthetic fictional request; not a report of a real incident
94,25,40,CROWD_CONTROL,4,2026-08-05T03:51:00Z,2026-08-05T04:30:00Z,PENDING,CROWD_CONTROL_TEAM,60,78,Synthetic crowd control request for project testing,Synthetic fictional request; not a report of a real incident
95,44,12,CROWD_CONTROL,4,2026-08-04T22:25:00Z,2026-08-04T22:52:00Z,ASSIGNED,CROWD_CONTROL_TEAM,38,72,Synthetic crowd control request for project testing,Synthetic fictional request; not a report of a real incident
96,30,16,ACCESS_CONTROL,2,2026-08-02T08:31:00Z,2026-08-02T12:39:00Z,ASSIGNED,PATROL_OFFICER,1,39,Synthetic access control request for project testing,Synthetic fictional request; not a report of a real incident
97,30,33,ACCESS_CONTROL,2,2026-08-01T06:21:00Z,2026-08-01T09:13:00Z,PENDING,PATROL_OFFICER,1,39,Synthetic access control request for project testing,Synthetic fictional request; not a report of a real incident
98,25,13,CROWD_CONTROL,4,2026-08-04T04:08:00Z,2026-08-04T04:46:00Z,IN_PROGRESS,CROWD_CONTROL_TEAM,29,77,Synthetic crowd control request for project testing,Synthetic fictional request; not a report of a real incident
99,25,14,SUSPICIOUS_ACTIVITY,3,2026-08-06T23:18:00Z,2026-08-07T00:57:00Z,IN_PROGRESS,PATROL_OFFICER,1,58,Synthetic suspicious activity request for project testing,Synthetic fictional request; not a report of a real incident
100,30,24,SECURITY_ESCORT,3,2026-08-02T14:26:00Z,2026-08-02T15:21:00Z,IN_PROGRESS,PATROL_OFFICER,1,59,Synthetic security escort request for project testing,Synthetic fictional request; not a report of a real incident
101,3,11,ROAD_OBSTRUCTION,3,2026-08-01T20:48:00Z,2026-08-01T22:29:00Z,COMPLETED,PATROL_VEHICLE,1,57,Synthetic road obstruction request for project testing,Synthetic fictional request; not a report of a real incident
102,30,28,CROWD_CONTROL,4,2026-08-05T10:14:00Z,2026-08-05T10:54:00Z,COMPLETED,CROWD_CONTROL_TEAM,53,80,Synthetic crowd control request for project testing,Synthetic fictional request; not a report of a real incident
103,44,21,FIRE_ALARM,5,2026-08-06T01:38:00Z,2026-08-06T01:54:00Z,PENDING,FIRE_RESPONSE_UNIT,51,100,Synthetic fire alarm request for project testing,Synthetic fictional request; not a report of a real incident
104,1,40,SUSPICIOUS_ACTIVITY,4,2026-08-02T22:37:00Z,2026-08-02T23:00:00Z,COMPLETED,PATROL_OFFICER,1,80,Synthetic suspicious activity request for project testing,Synthetic fictional request; not a report of a real incident
105,25,12,NIGHT_PATROL_REQUEST,2,2026-08-06T16:18:00Z,2026-08-06T18:50:00Z,ASSIGNED,MOTORCYCLE_PATROL,1,43,Synthetic night patrol request for project testing,Synthetic fictional request; not a report of a real incident
106,30,28,MEDICAL_EMERGENCY,5,2026-08-06T14:17:00Z,2026-08-06T14:34:00Z,ASSIGNED,AMBULANCE,3,100,Synthetic medical emergency request for project testing,Synthetic fictional request; not a report of a real incident
107,45,15,CCTV_FAULT,1,2026-08-06T23:18:00Z,2026-08-07T09:40:00Z,PENDING,CCTV_TECHNICIAN,1,21,Synthetic cctv fault request for project testing,Synthetic fictional request; not a report of a real incident
108,30,25,ACCESS_CONTROL,3,2026-08-03T15:13:00Z,2026-08-03T17:05:00Z,ASSIGNED,PATROL_OFFICER,1,55,Synthetic access control request for project testing,Synthetic fictional request; not a report of a real incident
109,3,10,ACCESS_CONTROL,1,2026-08-02T14:48:00Z,2026-08-02T23:19:00Z,PENDING,PATROL_OFFICER,1,22,Synthetic access control request for project testing,Synthetic fictional request; not a report of a real incident
110,1,20,ROAD_OBSTRUCTION,3,2026-08-02T08:19:00Z,2026-08-02T09:32:00Z,ASSIGNED,PATROL_VEHICLE,1,62,Synthetic road obstruction request for project testing,Synthetic fictional request; not a report of a real incident
111,25,24,SUSPICIOUS_ACTIVITY,4,2026-08-02T21:14:00Z,2026-08-02T21:37:00Z,COMPLETED,PATROL_OFFICER,1,75,Synthetic suspicious activity request for project testing,Synthetic fictional request; not a report of a real incident
112,45,1,SUSPICIOUS_ACTIVITY,3,2026-08-06T05:09:00Z,2026-08-06T06:01:00Z,PENDING,PATROL_OFFICER,1,59,Synthetic suspicious activity request for project testing,Synthetic fictional request; not a report of a real incident
113,4,41,CCTV_FAULT,1,2026-08-02T11:40:00Z,2026-08-02T23:31:00Z,COMPLETED,CCTV_TECHNICIAN,1,23,Synthetic cctv fault request for project testing,Synthetic fictional request; not a report of a real incident
114,25,36,WELFARE_CHECK,3,2026-08-04T03:02:00Z,2026-08-04T05:01:00Z,PENDING,PATROL_OFFICER,1,62,Synthetic welfare check request for project testing,Synthetic fictional request; not a report of a real incident
115,44,35,SECURITY_ESCORT,4,2026-08-01T07:12:00Z,2026-08-01T07:57:00Z,PENDING,PATROL_OFFICER,1,80,Synthetic security escort request for project testing,Synthetic fictional request; not a report of a real incident
116,44,50,CCTV_FAULT,2,2026-08-03T17:37:00Z,2026-08-03T23:37:00Z,IN_PROGRESS,CCTV_TECHNICIAN,1,41,Synthetic cctv fault request for project testing,Synthetic fictional request; not a report of a real incident
117,45,35,SUSPICIOUS_ACTIVITY,4,2026-08-06T16:49:00Z,2026-08-06T17:27:00Z,PENDING,PATROL_OFFICER,1,75,Synthetic suspicious activity request for project testing,Synthetic fictional request; not a report of a real incident
118,25,15,SUSPICIOUS_ACTIVITY,4,2026-08-06T02:00:00Z,2026-08-06T02:20:00Z,COMPLETED,PATROL_OFFICER,1,76,Synthetic suspicious activity request for project testing,Synthetic fictional request; not a report of a real incident
119,44,7,SUSPICIOUS_ACTIVITY,4,2026-08-07T02:49:00Z,2026-08-07T03:26:00Z,ASSIGNED,PATROL_OFFICER,1,72,Synthetic suspicious activity request for project testing,Synthetic fictional request; not a report of a real incident
120,44,33,THEFT_REPORT,3,2026-08-02T14:08:00Z,2026-08-02T15:44:00Z,PENDING,INVESTIGATION_TEAM,1,57,Synthetic theft report request for project testing,Synthetic fictional request; not a report of a real incident
121,1,33,CCTV_FAULT,3,2026-08-07T00:10:00Z,2026-08-07T02:06:00Z,ASSIGNED,CCTV_TECHNICIAN,1,58,Synthetic cctv fault request for project testing,Synthetic fictional request; not a report of a real incident
122,30,10,SUSPICIOUS_ACTIVITY,4,2026-08-07T05:58:00Z,2026-08-07T06:21:00Z,PENDING,PATROL_OFFICER,1,75,Synthetic suspicious activity request for project testing,Synthetic fictional request; not a report of a real incident
123,45,10,ACCESS_CONTROL,2,2026-08-02T10:09:00Z,2026-08-02T12:25:00Z,COMPLETED,PATROL_OFFICER,1,40,Synthetic access control request for project testing,Synthetic fictional request; not a report of a real incident
124,44,41,ROAD_OBSTRUCTION,4,2026-08-06T06:36:00Z,2026-08-06T07:21:00Z,COMPLETED,PATROL_VEHICLE,1,74,Synthetic road obstruction request for project testing,Synthetic fictional request; not a report of a real incident
125,25,18,CCTV_FAULT,2,2026-08-03T19:09:00Z,2026-08-04T00:22:00Z,COMPLETED,CCTV_TECHNICIAN,1,44,Synthetic cctv fault request for project testing,Synthetic fictional request; not a report of a real incident
126,44,15,NIGHT_PATROL_REQUEST,3,2026-08-03T23:43:00Z,2026-08-04T01:40:00Z,COMPLETED,MOTORCYCLE_PATROL,1,58,Synthetic night patrol request for project testing,Synthetic fictional request; not a report of a real incident
127,44,21,SECURITY_ESCORT,4,2026-08-06T23:49:00Z,2026-08-07T00:29:00Z,PENDING,PATROL_OFFICER,1,78,Synthetic security escort request for project testing,Synthetic fictional request; not a report of a real incident
128,1,14,ACCESS_CONTROL,2,2026-08-06T23:58:00Z,2026-08-07T03:10:00Z,COMPLETED,PATROL_OFFICER,1,39,Synthetic access control request for project testing,Synthetic fictional request; not a report of a real incident
129,4,18,SUSPICIOUS_ACTIVITY,4,2026-08-05T21:01:00Z,2026-08-05T21:31:00Z,ASSIGNED,PATROL_OFFICER,1,72,Synthetic suspicious activity request for project testing,Synthetic fictional request; not a report of a real incident
130,4,40,MEDICAL_EMERGENCY,5,2026-08-02T12:37:00Z,2026-08-02T12:47:00Z,PENDING,AMBULANCE,5,100,Synthetic medical emergency request for project testing,Synthetic fictional request; not a report of a real incident
131,44,36,THEFT_REPORT,2,2026-08-04T05:43:00Z,2026-08-04T10:10:00Z,PENDING,INVESTIGATION_TEAM,1,39,Synthetic theft report request for project testing,Synthetic fictional request; not a report of a real incident
132,30,22,SECURITY_ESCORT,4,2026-08-04T15:26:00Z,2026-08-04T15:58:00Z,COMPLETED,PATROL_OFFICER,1,77,Synthetic security escort request for project testing,Synthetic fictional request; not a report of a real incident
133,44,30,ROAD_OBSTRUCTION,3,2026-08-06T23:49:00Z,2026-08-07T00:34:00Z,COMPLETED,PATROL_VEHICLE,1,56,Synthetic road obstruction request for project testing,Synthetic fictional request; not a report of a real incident
134,44,29,WELFARE_CHECK,4,2026-08-03T06:25:00Z,2026-08-03T06:47:00Z,IN_PROGRESS,PATROL_OFFICER,1,74,Synthetic welfare check request for project testing,Synthetic fictional request; not a report of a real incident
135,44,22,ROAD_OBSTRUCTION,2,2026-08-05T15:11:00Z,2026-08-05T19:41:00Z,PENDING,PATROL_VEHICLE,1,39,Synthetic road obstruction request for project testing,Synthetic fictional request; not a report of a real incident
136,4,43,WELFARE_CHECK,3,2026-08-06T03:58:00Z,2026-08-06T04:59:00Z,PENDING,PATROL_OFFICER,1,59,Synthetic welfare check request for project testing,Synthetic fictional request; not a report of a real incident
137,30,5,SUSPICIOUS_ACTIVITY,4,2026-08-02T10:05:00Z,2026-08-02T10:25:00Z,PENDING,PATROL_OFFICER,1,80,Synthetic suspicious activity request for project testing,Synthetic fictional request; not a report of a real incident
138,1,31,ACCESS_CONTROL,2,2026-08-01T14:34:00Z,2026-08-01T17:23:00Z,COMPLETED,PATROL_OFFICER,1,39,Synthetic access control request for project testing,Synthetic fictional request; not a report of a real incident
139,3,21,NIGHT_PATROL_REQUEST,2,2026-08-02T19:48:00Z,2026-08-03T01:33:00Z,ASSIGNED,MOTORCYCLE_PATROL,1,39,Synthetic night patrol request for project testing,Synthetic fictional request; not a report of a real incident
140,3,21,ROAD_OBSTRUCTION,3,2026-08-06T01:38:00Z,2026-08-06T02:32:00Z,COMPLETED,PATROL_VEHICLE,1,62,Synthetic road obstruction request for project testing,Synthetic fictional request; not a report of a real incident
141,44,20,FIRE_ALARM,5,2026-08-02T15:33:00Z,2026-08-02T15:51:00Z,ASSIGNED,FIRE_RESPONSE_UNIT,21,100,Synthetic fire alarm request for project testing,Synthetic fictional request; not a report of a real incident
142,1,32,SECURITY_ESCORT,3,2026-08-04T10:52:00Z,2026-08-04T11:53:00Z,IN_PROGRESS,PATROL_OFFICER,1,57,Synthetic security escort request for project testing,Synthetic fictional request; not a report of a real incident
143,30,11,SUSPICIOUS_ACTIVITY,5,2026-08-04T20:23:00Z,2026-08-04T20:41:00Z,ASSIGNED,PATROL_OFFICER,1,94,Synthetic suspicious activity request for project testing,Synthetic fictional request; not a report of a real incident
144,45,14,SECURITY_ESCORT,4,2026-08-05T21:07:00Z,2026-08-05T21:51:00Z,PENDING,PATROL_OFFICER,1,73,Synthetic security escort request for project testing,Synthetic fictional request; not a report of a real incident
145,45,37,SUSPICIOUS_ACTIVITY,4,2026-08-03T10:39:00Z,2026-08-03T11:03:00Z,CANCELLED,PATROL_OFFICER,1,76,Synthetic suspicious activity request for project testing,Synthetic fictional request; not a report of a real incident
146,25,11,ACCESS_CONTROL,2,2026-08-06T13:31:00Z,2026-08-06T18:07:00Z,COMPLETED,PATROL_OFFICER,1,39,Synthetic access control request for project testing,Synthetic fictional request; not a report of a real incident
147,45,22,SUSPICIOUS_ACTIVITY,4,2026-08-06T10:42:00Z,2026-08-06T11:22:00Z,COMPLETED,PATROL_OFFICER,1,78,Synthetic suspicious activity request for project testing,Synthetic fictional request; not a report of a real incident
148,30,38,SUSPICIOUS_ACTIVITY,3,2026-08-01T22:47:00Z,2026-08-02T00:39:00Z,COMPLETED,PATROL_OFFICER,1,55,Synthetic suspicious activity request for project testing,Synthetic fictional request; not a report of a real incident
149,4,20,WELFARE_CHECK,3,2026-08-06T23:54:00Z,2026-08-07T01:06:00Z,COMPLETED,PATROL_OFFICER,1,58,Synthetic welfare check request for project testing,Synthetic fictional request; not a report of a real incident
150,3,34,SECURITY_ESCORT,2,2026-08-03T18:49:00Z,2026-08-04T00:19:00Z,CANCELLED,PATROL_OFFICER,1,40,Synthetic security escort request for project testing,Synthetic fictional request; not a report of a real incident
151,1,3,NIGHT_PATROL_REQUEST,2,2026-08-04T16:40:00Z,2026-08-04T21:54:00Z,IN_PROGRESS,MOTORCYCLE_PATROL,1,36,Synthetic night patrol request for project testing,Synthetic fictional request; not a report of a real incident
152,25,7,MEDICAL_EMERGENCY,5,2026-08-06T18:29:00Z,2026-08-06T18:47:00Z,COMPLETED,AMBULANCE,4,98,Synthetic medical emergency request for project testing,Synthetic fictional request; not a report of a real incident
153,1,25,MEDICAL_EMERGENCY,5,2026-08-01T20:35:00Z,2026-08-01T20:46:00Z,PENDING,AMBULANCE,1,100,Synthetic medical emergency request for project testing,Synthetic fictional request; not a report of a real incident
154,45,16,EMERGENCY_TRANSPORT,3,2026-08-06T16:43:00Z,2026-08-06T18:39:00Z,COMPLETED,RAPID_RESPONSE_TEAM,1,54,Synthetic emergency transport request for project testing,Synthetic fictional request; not a report of a real incident
155,25,16,SUSPICIOUS_ACTIVITY,4,2026-08-02T19:56:00Z,2026-08-02T20:32:00Z,IN_PROGRESS,PATROL_OFFICER,1,79,Synthetic suspicious activity request for project testing,Synthetic fictional request; not a report of a real incident
156,4,12,ROAD_OBSTRUCTION,3,2026-08-05T06:49:00Z,2026-08-05T08:02:00Z,PENDING,PATROL_VEHICLE,1,60,Synthetic road obstruction request for project testing,Synthetic fictional request; not a report of a real incident
157,3,32,ROAD_OBSTRUCTION,3,2026-08-03T13:29:00Z,2026-08-03T14:37:00Z,COMPLETED,PATROL_VEHICLE,1,54,Synthetic road obstruction request for project testing,Synthetic fictional request; not a report of a real incident
158,44,36,SECURITY_ESCORT,4,2026-08-02T03:11:00Z,2026-08-02T03:49:00Z,COMPLETED,PATROL_OFFICER,1,75,Synthetic security escort request for project testing,Synthetic fictional request; not a report of a real incident
159,45,22,WELFARE_CHECK,3,2026-08-03T06:23:00Z,2026-08-03T08:15:00Z,PENDING,PATROL_OFFICER,1,56,Synthetic welfare check request for project testing,Synthetic fictional request; not a report of a real incident
160,4,14,EMERGENCY_TRANSPORT,4,2026-08-04T01:36:00Z,2026-08-04T02:14:00Z,PENDING,RAPID_RESPONSE_TEAM,5,78,Synthetic emergency transport request for project testing,Synthetic fictional request; not a report of a real incident
161,44,23,NIGHT_PATROL_REQUEST,1,2026-08-05T09:37:00Z,2026-08-05T19:40:00Z,ASSIGNED,MOTORCYCLE_PATROL,1,20,Synthetic night patrol request for project testing,Synthetic fictional request; not a report of a real incident
162,30,36,MEDICAL_EMERGENCY,5,2026-08-07T02:47:00Z,2026-08-07T02:57:00Z,IN_PROGRESS,AMBULANCE,3,100,Synthetic medical emergency request for project testing,Synthetic fictional request; not a report of a real incident
163,45,25,ROAD_OBSTRUCTION,3,2026-08-05T20:45:00Z,2026-08-05T21:39:00Z,COMPLETED,PATROL_VEHICLE,1,56,Synthetic road obstruction request for project testing,Synthetic fictional request; not a report of a real incident
164,44,24,MEDICAL_EMERGENCY,5,2026-08-06T11:22:00Z,2026-08-06T11:41:00Z,PENDING,AMBULANCE,5,100,Synthetic medical emergency request for project testing,Synthetic fictional request; not a report of a real incident
165,44,22,MEDICAL_EMERGENCY,5,2026-08-03T21:22:00Z,2026-08-03T21:33:00Z,ASSIGNED,AMBULANCE,4,100,Synthetic medical emergency request for project testing,Synthetic fictional request; not a report of a real incident
166,1,18,CCTV_FAULT,2,2026-08-04T20:19:00Z,2026-08-04T23:30:00Z,ASSIGNED,CCTV_TECHNICIAN,1,39,Synthetic cctv fault request for project testing,Synthetic fictional request; not a report of a real incident
167,25,32,THEFT_REPORT,4,2026-08-04T20:20:00Z,2026-08-04T21:01:00Z,ASSIGNED,INVESTIGATION_TEAM,1,78,Synthetic theft report request for project testing,Synthetic fictional request; not a report of a real incident
168,44,15,ACCESS_CONTROL,2,2026-08-04T02:32:00Z,2026-08-04T06:48:00Z,COMPLETED,PATROL_OFFICER,1,42,Synthetic access control request for project testing,Synthetic fictional request; not a report of a real incident
169,30,26,SUSPICIOUS_ACTIVITY,5,2026-08-06T10:52:00Z,2026-08-06T11:09:00Z,COMPLETED,PATROL_OFFICER,1,97,Synthetic suspicious activity request for project testing,Synthetic fictional request; not a report of a real incident
170,3,20,ACCESS_CONTROL,1,2026-08-01T07:28:00Z,2026-08-01T15:33:00Z,PENDING,PATROL_OFFICER,1,21,Synthetic access control request for project testing,Synthetic fictional request; not a report of a real incident
171,25,50,MEDICAL_EMERGENCY,5,2026-08-02T19:15:00Z,2026-08-02T19:32:00Z,ASSIGNED,AMBULANCE,1,100,Synthetic medical emergency request for project testing,Synthetic fictional request; not a report of a real incident
172,45,28,SUSPICIOUS_ACTIVITY,3,2026-08-04T04:25:00Z,2026-08-04T06:09:00Z,IN_PROGRESS,PATROL_OFFICER,1,56,Synthetic suspicious activity request for project testing,Synthetic fictional request; not a report of a real incident
173,3,12,EMERGENCY_TRANSPORT,5,2026-08-06T23:16:00Z,2026-08-06T23:27:00Z,IN_PROGRESS,RAPID_RESPONSE_TEAM,4,90,Synthetic emergency transport request for project testing,Synthetic fictional request; not a report of a real incident
174,1,21,CROWD_CONTROL,4,2026-08-02T12:32:00Z,2026-08-02T13:10:00Z,COMPLETED,CROWD_CONTROL_TEAM,21,79,Synthetic crowd control request for project testing,Synthetic fictional request; not a report of a real incident
175,4,6,ACCESS_CONTROL,1,2026-08-05T22:17:00Z,2026-08-06T07:21:00Z,PENDING,PATROL_OFFICER,1,25,Synthetic access control request for project testing,Synthetic fictional request; not a report of a real incident
176,25,43,WELFARE_CHECK,3,2026-08-07T03:39:00Z,2026-08-07T05:35:00Z,COMPLETED,PATROL_OFFICER,1,57,Synthetic welfare check request for project testing,Synthetic fictional request; not a report of a real incident
177,30,25,SUSPICIOUS_ACTIVITY,4,2026-08-05T23:41:00Z,2026-08-06T00:06:00Z,PENDING,PATROL_OFFICER,1,80,Synthetic suspicious activity request for project testing,Synthetic fictional request; not a report of a real incident
178,4,44,ACCESS_CONTROL,2,2026-08-06T08:33:00Z,2026-08-06T12:04:00Z,IN_PROGRESS,PATROL_OFFICER,1,41,Synthetic access control request for project testing,Synthetic fictional request; not a report of a real incident
179,30,25,ROAD_OBSTRUCTION,2,2026-08-05T05:46:00Z,2026-08-05T08:02:00Z,PENDING,PATROL_VEHICLE,1,38,Synthetic road obstruction request for project testing,Synthetic fictional request; not a report of a real incident
180,3,27,THEFT_REPORT,3,2026-08-02T16:12:00Z,2026-08-02T17:10:00Z,CANCELLED,INVESTIGATION_TEAM,1,57,Synthetic theft report request for project testing,Synthetic fictional request; not a report of a real incident
181,3,19,SECURITY_ESCORT,3,2026-08-03T17:17:00Z,2026-08-03T18:58:00Z,PENDING,PATROL_OFFICER,1,62,Synthetic security escort request for project testing,Synthetic fictional request; not a report of a real incident
182,44,26,ROAD_OBSTRUCTION,3,2026-08-06T11:22:00Z,2026-08-06T12:10:00Z,COMPLETED,PATROL_VEHICLE,1,60,Synthetic road obstruction request for project testing,Synthetic fictional request; not a report of a real incident
183,44,29,CCTV_FAULT,2,2026-08-04T17:22:00Z,2026-08-04T19:39:00Z,PENDING,CCTV_TECHNICIAN,1,44,Synthetic cctv fault request for project testing,Synthetic fictional request; not a report of a real incident
184,30,18,WELFARE_CHECK,3,2026-08-06T04:57:00Z,2026-08-06T06:17:00Z,PENDING,PATROL_OFFICER,1,62,Synthetic welfare check request for project testing,Synthetic fictional request; not a report of a real incident
185,4,39,ACCESS_CONTROL,2,2026-08-05T18:57:00Z,2026-08-06T00:55:00Z,ASSIGNED,PATROL_OFFICER,1,42,Synthetic access control request for project testing,Synthetic fictional request; not a report of a real incident
186,4,39,SECURITY_ESCORT,3,2026-08-01T21:10:00Z,2026-08-01T22:09:00Z,COMPLETED,PATROL_OFFICER,1,58,Synthetic security escort request for project testing,Synthetic fictional request; not a report of a real incident
187,4,15,SUSPICIOUS_ACTIVITY,5,2026-08-02T17:25:00Z,2026-08-02T17:34:00Z,IN_PROGRESS,PATROL_OFFICER,1,95,Synthetic suspicious activity request for project testing,Synthetic fictional request; not a report of a real incident
188,1,31,SECURITY_ESCORT,3,2026-08-04T06:24:00Z,2026-08-04T07:29:00Z,ASSIGNED,PATROL_OFFICER,1,56,Synthetic security escort request for project testing,Synthetic fictional request; not a report of a real incident
189,3,24,NIGHT_PATROL_REQUEST,3,2026-08-06T14:32:00Z,2026-08-06T16:14:00Z,ASSIGNED,MOTORCYCLE_PATROL,1,56,Synthetic night patrol request for project testing,Synthetic fictional request; not a report of a real incident
190,4,23,ROAD_OBSTRUCTION,4,2026-08-06T18:40:00Z,2026-08-06T19:12:00Z,PENDING,PATROL_VEHICLE,1,80,Synthetic road obstruction request for project testing,Synthetic fictional request; not a report of a real incident
191,3,39,ACCESS_CONTROL,2,2026-08-02T01:02:00Z,2026-08-02T04:50:00Z,COMPLETED,PATROL_OFFICER,1,40,Synthetic access control request for project testing,Synthetic fictional request; not a report of a real incident
192,44,24,NIGHT_PATROL_REQUEST,2,2026-08-05T01:55:00Z,2026-08-05T06:32:00Z,PENDING,MOTORCYCLE_PATROL,1,36,Synthetic night patrol request for project testing,Synthetic fictional request; not a report of a real incident
193,4,3,SECURITY_ESCORT,4,2026-08-02T07:58:00Z,2026-08-02T08:22:00Z,PENDING,PATROL_OFFICER,1,74,Synthetic security escort request for project testing,Synthetic fictional request; not a report of a real incident
194,25,6,MEDICAL_EMERGENCY,5,2026-08-01T16:43:00Z,2026-08-01T16:51:00Z,PENDING,AMBULANCE,5,100,Synthetic medical emergency request for project testing,Synthetic fictional request; not a report of a real incident
195,30,25,ROAD_OBSTRUCTION,3,2026-08-01T23:28:00Z,2026-08-02T01:27:00Z,COMPLETED,PATROL_VEHICLE,1,59,Synthetic road obstruction request for project testing,Synthetic fictional request; not a report of a real incident
196,44,23,SUSPICIOUS_ACTIVITY,4,2026-08-06T16:06:00Z,2026-08-06T16:44:00Z,COMPLETED,PATROL_OFFICER,1,78,Synthetic suspicious activity request for project testing,Synthetic fictional request; not a report of a real incident
197,25,48,SUSPICIOUS_ACTIVITY,5,2026-08-01T13:17:00Z,2026-08-01T13:26:00Z,PENDING,PATROL_OFFICER,1,97,Synthetic suspicious activity request for project testing,Synthetic fictional request; not a report of a real incident
198,3,22,SECURITY_ESCORT,3,2026-08-06T05:29:00Z,2026-08-06T06:47:00Z,PENDING,PATROL_OFFICER,1,60,Synthetic security escort request for project testing,Synthetic fictional request; not a report of a real incident
199,25,22,SUSPICIOUS_ACTIVITY,3,2026-08-05T05:06:00Z,2026-08-05T06:51:00Z,IN_PROGRESS,PATROL_OFFICER,1,56,Synthetic suspicious activity request for project testing,Synthetic fictional request; not a report of a real incident
200,30,22,SECURITY_ESCORT,3,2026-08-02T03:59:00Z,2026-08-02T05:39:00Z,ASSIGNED,PATROL_OFFICER,1,54,Synthetic security escort request for project testing,Synthetic fictional request; not a report of a real incident
201,25,13,MEDICAL_EMERGENCY,5,2026-08-04T20:57:00Z,2026-08-04T21:08:00Z,COMPLETED,AMBULANCE,4,98,Synthetic medical emergency request for project testing,Synthetic fictional request; not a report of a real incident
202,3,18,SUSPICIOUS_ACTIVITY,4,2026-08-05T17:20:00Z,2026-08-05T17:42:00Z,ASSIGNED,PATROL_OFFICER,1,74,Synthetic suspicious activity request for project testing,Synthetic fictional request; not a report of a real incident
203,1,32,THEFT_REPORT,4,2026-08-02T09:28:00Z,2026-08-02T10:08:00Z,COMPLETED,INVESTIGATION_TEAM,1,80,Synthetic theft report request for project testing,Synthetic fictional request; not a report of a real incident
204,44,12,THEFT_REPORT,3,2026-08-03T02:01:00Z,2026-08-03T03:09:00Z,COMPLETED,INVESTIGATION_TEAM,1,62,Synthetic theft report request for project testing,Synthetic fictional request; not a report of a real incident
205,30,20,WELFARE_CHECK,3,2026-08-06T12:50:00Z,2026-08-06T13:36:00Z,PENDING,PATROL_OFFICER,1,59,Synthetic welfare check request for project testing,Synthetic fictional request; not a report of a real incident
206,25,15,ROAD_OBSTRUCTION,3,2026-08-05T11:54:00Z,2026-08-05T12:57:00Z,PENDING,PATROL_VEHICLE,1,58,Synthetic road obstruction request for project testing,Synthetic fictional request; not a report of a real incident
207,25,26,SECURITY_ESCORT,3,2026-08-04T22:46:00Z,2026-08-05T00:41:00Z,COMPLETED,PATROL_OFFICER,1,58,Synthetic security escort request for project testing,Synthetic fictional request; not a report of a real incident
208,1,49,EMERGENCY_TRANSPORT,4,2026-08-06T01:28:00Z,2026-08-06T02:11:00Z,ASSIGNED,RAPID_RESPONSE_TEAM,3,74,Synthetic emergency transport request for project testing,Synthetic fictional request; not a report of a real incident
209,25,19,ACCESS_CONTROL,1,2026-08-06T17:35:00Z,2026-08-07T02:41:00Z,COMPLETED,PATROL_OFFICER,1,24,Synthetic access control request for project testing,Synthetic fictional request; not a report of a real incident
210,30,14,SUSPICIOUS_ACTIVITY,3,2026-08-01T23:59:00Z,2026-08-02T01:42:00Z,COMPLETED,PATROL_OFFICER,1,54,Synthetic suspicious activity request for project testing,Synthetic fictional request; not a report of a real incident
211,44,25,THEFT_REPORT,2,2026-08-04T17:50:00Z,2026-08-04T22:34:00Z,PENDING,INVESTIGATION_TEAM,1,40,Synthetic theft report request for project testing,Synthetic fictional request; not a report of a real incident
212,30,31,SUSPICIOUS_ACTIVITY,3,2026-08-04T04:55:00Z,2026-08-04T06:07:00Z,ASSIGNED,PATROL_OFFICER,1,61,Synthetic suspicious activity request for project testing,Synthetic fictional request; not a report of a real incident
213,30,12,SUSPICIOUS_ACTIVITY,3,2026-08-01T20:47:00Z,2026-08-01T22:10:00Z,IN_PROGRESS,PATROL_OFFICER,1,55,Synthetic suspicious activity request for project testing,Synthetic fictional request; not a report of a real incident
214,45,30,CROWD_CONTROL,4,2026-08-04T22:04:00Z,2026-08-04T22:48:00Z,PENDING,CROWD_CONTROL_TEAM,15,78,Synthetic crowd control request for project testing,Synthetic fictional request; not a report of a real incident
215,1,39,MEDICAL_EMERGENCY,4,2026-08-07T05:37:00Z,2026-08-07T06:08:00Z,ASSIGNED,AMBULANCE,4,82,Synthetic medical emergency request for project testing,Synthetic fictional request; not a report of a real incident
216,44,31,SUSPICIOUS_ACTIVITY,3,2026-08-01T22:33:00Z,2026-08-01T23:30:00Z,PENDING,PATROL_OFFICER,1,62,Synthetic suspicious activity request for project testing,Synthetic fictional request; not a report of a real incident
217,4,12,WELFARE_CHECK,3,2026-08-06T04:50:00Z,2026-08-06T06:49:00Z,PENDING,PATROL_OFFICER,1,56,Synthetic welfare check request for project testing,Synthetic fictional request; not a report of a real incident
218,3,22,MEDICAL_EMERGENCY,4,2026-08-04T12:57:00Z,2026-08-04T13:21:00Z,PENDING,AMBULANCE,5,87,Synthetic medical emergency request for project testing,Synthetic fictional request; not a report of a real incident
219,30,19,MEDICAL_EMERGENCY,5,2026-08-04T04:43:00Z,2026-08-04T04:59:00Z,PENDING,AMBULANCE,1,100,Synthetic medical emergency request for project testing,Synthetic fictional request; not a report of a real incident
220,25,28,EMERGENCY_TRANSPORT,4,2026-08-05T02:28:00Z,2026-08-05T03:01:00Z,COMPLETED,RAPID_RESPONSE_TEAM,3,72,Synthetic emergency transport request for project testing,Synthetic fictional request; not a report of a real incident
221,3,24,MEDICAL_EMERGENCY,5,2026-08-04T04:04:00Z,2026-08-04T04:13:00Z,PENDING,AMBULANCE,2,100,Synthetic medical emergency request for project testing,Synthetic fictional request; not a report of a real incident
222,3,29,NIGHT_PATROL_REQUEST,3,2026-08-03T15:34:00Z,2026-08-03T17:27:00Z,IN_PROGRESS,MOTORCYCLE_PATROL,1,59,Synthetic night patrol request for project testing,Synthetic fictional request; not a report of a real incident
223,44,33,ROAD_OBSTRUCTION,4,2026-08-06T05:53:00Z,2026-08-06T06:37:00Z,COMPLETED,PATROL_VEHICLE,1,74,Synthetic road obstruction request for project testing,Synthetic fictional request; not a report of a real incident
224,25,12,SUSPICIOUS_ACTIVITY,4,2026-08-05T00:45:00Z,2026-08-05T01:28:00Z,PENDING,PATROL_OFFICER,1,74,Synthetic suspicious activity request for project testing,Synthetic fictional request; not a report of a real incident
225,3,18,ACCESS_CONTROL,2,2026-08-03T10:03:00Z,2026-08-03T15:24:00Z,COMPLETED,PATROL_OFFICER,1,44,Synthetic access control request for project testing,Synthetic fictional request; not a report of a real incident
226,4,24,SUSPICIOUS_ACTIVITY,3,2026-08-03T20:07:00Z,2026-08-03T21:18:00Z,ASSIGNED,PATROL_OFFICER,1,60,Synthetic suspicious activity request for project testing,Synthetic fictional request; not a report of a real incident
227,45,35,NIGHT_PATROL_REQUEST,2,2026-08-06T23:18:00Z,2026-08-07T01:59:00Z,PENDING,MOTORCYCLE_PATROL,1,42,Synthetic night patrol request for project testing,Synthetic fictional request; not a report of a real incident
228,4,13,CROWD_CONTROL,4,2026-08-05T06:28:00Z,2026-08-05T06:55:00Z,COMPLETED,CROWD_CONTROL_TEAM,26,80,Synthetic crowd control request for project testing,Synthetic fictional request; not a report of a real incident
229,25,31,SECURITY_ESCORT,3,2026-08-03T01:49:00Z,2026-08-03T03:04:00Z,COMPLETED,PATROL_OFFICER,1,55,Synthetic security escort request for project testing,Synthetic fictional request; not a report of a real incident
230,3,30,ACCESS_CONTROL,2,2026-08-06T19:12:00Z,2026-08-06T21:55:00Z,ASSIGNED,PATROL_OFFICER,1,40,Synthetic access control request for project testing,Synthetic fictional request; not a report of a real incident
231,4,47,WELFARE_CHECK,3,2026-08-03T17:22:00Z,2026-08-03T18:09:00Z,COMPLETED,PATROL_OFFICER,1,55,Synthetic welfare check request for project testing,Synthetic fictional request; not a report of a real incident
232,44,47,ACCESS_CONTROL,1,2026-08-06T11:35:00Z,2026-08-06T19:58:00Z,IN_PROGRESS,PATROL_OFFICER,1,24,Synthetic access control request for project testing,Synthetic fictional request; not a report of a real incident
233,30,18,SUSPICIOUS_ACTIVITY,3,2026-08-05T09:00:00Z,2026-08-05T10:58:00Z,PENDING,PATROL_OFFICER,1,54,Synthetic suspicious activity request for project testing,Synthetic fictional request; not a report of a real incident
234,4,50,THEFT_REPORT,3,2026-08-04T11:13:00Z,2026-08-04T12:39:00Z,ASSIGNED,INVESTIGATION_TEAM,1,62,Synthetic theft report request for project testing,Synthetic fictional request; not a report of a real incident
235,3,18,CROWD_CONTROL,4,2026-08-04T18:28:00Z,2026-08-04T19:09:00Z,COMPLETED,CROWD_CONTROL_TEAM,11,74,Synthetic crowd control request for project testing,Synthetic fictional request; not a report of a real incident
236,4,19,SUSPICIOUS_ACTIVITY,5,2026-08-02T18:31:00Z,2026-08-02T18:42:00Z,PENDING,PATROL_OFFICER,1,92,Synthetic suspicious activity request for project testing,Synthetic fictional request; not a report of a real incident
237,44,10,EMERGENCY_TRANSPORT,4,2026-08-05T10:20:00Z,2026-08-05T10:49:00Z,ASSIGNED,RAPID_RESPONSE_TEAM,5,73,Synthetic emergency transport request for project testing,Synthetic fictional request; not a report of a real incident
238,45,20,CROWD_CONTROL,4,2026-08-01T22:22:00Z,2026-08-01T22:49:00Z,CANCELLED,CROWD_CONTROL_TEAM,41,78,Synthetic crowd control request for project testing,Synthetic fictional request; not a report of a real incident
239,4,18,SUSPICIOUS_ACTIVITY,3,2026-08-04T06:12:00Z,2026-08-04T07:15:00Z,ASSIGNED,PATROL_OFFICER,1,57,Synthetic suspicious activity request for project testing,Synthetic fictional request; not a report of a real incident
240,30,49,WELFARE_CHECK,3,2026-08-01T06:08:00Z,2026-08-01T07:57:00Z,PENDING,PATROL_OFFICER,1,61,Synthetic welfare check request for project testing,Synthetic fictional request; not a report of a real incident
241,30,40,ROAD_OBSTRUCTION,4,2026-08-05T03:18:00Z,2026-08-05T03:50:00Z,COMPLETED,PATROL_VEHICLE,1,80,Synthetic road obstruction request for project testing,Synthetic fictional request; not a report of a real incident
242,4,21,MEDICAL_EMERGENCY,4,2026-08-02T18:12:00Z,2026-08-02T18:56:00Z,CANCELLED,AMBULANCE,4,84,Synthetic medical emergency request for project testing,Synthetic fictional request; not a report of a real incident
243,25,19,EMERGENCY_TRANSPORT,5,2026-08-05T21:20:00Z,2026-08-05T21:34:00Z,ASSIGNED,RAPID_RESPONSE_TEAM,5,96,Synthetic emergency transport request for project testing,Synthetic fictional request; not a report of a real incident
244,25,13,CCTV_FAULT,2,2026-08-06T06:33:00Z,2026-08-06T10:36:00Z,COMPLETED,CCTV_TECHNICIAN,1,42,Synthetic cctv fault request for project testing,Synthetic fictional request; not a report of a real incident
245,45,5,ACCESS_CONTROL,3,2026-08-04T20:32:00Z,2026-08-04T21:49:00Z,PENDING,PATROL_OFFICER,1,62,Synthetic access control request for project testing,Synthetic fictional request; not a report of a real incident
246,1,33,SUSPICIOUS_ACTIVITY,5,2026-08-03T03:14:00Z,2026-08-03T03:25:00Z,PENDING,PATROL_OFFICER,1,94,Synthetic suspicious activity request for project testing,Synthetic fictional request; not a report of a real incident
247,4,6,MEDICAL_EMERGENCY,4,2026-08-06T10:26:00Z,2026-08-06T11:05:00Z,COMPLETED,AMBULANCE,2,88,Synthetic medical emergency request for project testing,Synthetic fictional request; not a report of a real incident
248,25,30,EMERGENCY_TRANSPORT,4,2026-08-02T15:04:00Z,2026-08-02T15:31:00Z,PENDING,RAPID_RESPONSE_TEAM,3,75,Synthetic emergency transport request for project testing,Synthetic fictional request; not a report of a real incident
249,3,14,SUSPICIOUS_ACTIVITY,3,2026-08-02T19:05:00Z,2026-08-02T20:00:00Z,PENDING,PATROL_OFFICER,1,62,Synthetic suspicious activity request for project testing,Synthetic fictional request; not a report of a real incident
250,25,23,ROAD_OBSTRUCTION,3,2026-08-01T10:18:00Z,2026-08-01T11:31:00Z,IN_PROGRESS,PATROL_VEHICLE,1,58,Synthetic road obstruction request for project testing,Synthetic fictional request; not a report of a real incident
251,4,14,EMERGENCY_TRANSPORT,4,2026-08-06T20:15:00Z,2026-08-06T20:45:00Z,ASSIGNED,RAPID_RESPONSE_TEAM,3,74,Synthetic emergency transport request for project testing,Synthetic fictional request; not a report of a real incident
252,44,14,SUSPICIOUS_ACTIVITY,4,2026-08-03T23:55:00Z,2026-08-04T00:20:00Z,COMPLETED,PATROL_OFFICER,1,77,Synthetic suspicious activity request for project testing,Synthetic fictional request; not a report of a real incident
253,3,15,NIGHT_PATROL_REQUEST,2,2026-08-02T11:02:00Z,2026-08-02T15:39:00Z,ASSIGNED,MOTORCYCLE_PATROL,1,40,Synthetic night patrol request for project testing,Synthetic fictional request; not a report of a real incident
254,44,1,NIGHT_PATROL_REQUEST,3,2026-08-01T06:14:00Z,2026-08-01T07:29:00Z,ASSIGNED,MOTORCYCLE_PATROL,1,55,Synthetic night patrol request for project testing,Synthetic fictional request; not a report of a real incident
255,3,24,ROAD_OBSTRUCTION,2,2026-08-07T04:46:00Z,2026-08-07T09:23:00Z,IN_PROGRESS,PATROL_VEHICLE,1,44,Synthetic road obstruction request for project testing,Synthetic fictional request; not a report of a real incident
256,25,19,CCTV_FAULT,1,2026-08-03T22:25:00Z,2026-08-04T09:18:00Z,PENDING,CCTV_TECHNICIAN,1,19,Synthetic cctv fault request for project testing,Synthetic fictional request; not a report of a real incident
257,44,37,SECURITY_ESCORT,3,2026-08-03T14:33:00Z,2026-08-03T16:03:00Z,COMPLETED,PATROL_OFFICER,1,61,Synthetic security escort request for project testing,Synthetic fictional request; not a report of a real incident
258,4,7,ROAD_OBSTRUCTION,3,2026-08-06T03:16:00Z,2026-08-06T04:58:00Z,COMPLETED,PATROL_VEHICLE,1,60,Synthetic road obstruction request for project testing,Synthetic fictional request; not a report of a real incident
259,30,25,CROWD_CONTROL,4,2026-08-03T14:29:00Z,2026-08-03T14:54:00Z,COMPLETED,CROWD_CONTROL_TEAM,71,72,Synthetic crowd control request for project testing,Synthetic fictional request; not a report of a real incident
260,44,22,NIGHT_PATROL_REQUEST,2,2026-08-06T05:38:00Z,2026-08-06T08:42:00Z,COMPLETED,MOTORCYCLE_PATROL,1,38,Synthetic night patrol request for project testing,Synthetic fictional request; not a report of a real incident
261,25,22,FIRE_ALARM,5,2026-08-04T17:22:00Z,2026-08-04T17:36:00Z,PENDING,FIRE_RESPONSE_UNIT,9,100,Synthetic fire alarm request for project testing,Synthetic fictional request; not a report of a real incident
262,25,30,MEDICAL_EMERGENCY,5,2026-08-04T22:32:00Z,2026-08-04T22:49:00Z,CANCELLED,AMBULANCE,3,99,Synthetic medical emergency request for project testing,Synthetic fictional request; not a report of a real incident
263,25,19,CROWD_CONTROL,3,2026-08-05T05:30:00Z,2026-08-05T06:41:00Z,PENDING,CROWD_CONTROL_TEAM,46,59,Synthetic crowd control request for project testing,Synthetic fictional request; not a report of a real incident
264,44,10,NIGHT_PATROL_REQUEST,1,2026-08-05T00:15:00Z,2026-08-05T09:57:00Z,ASSIGNED,MOTORCYCLE_PATROL,1,24,Synthetic night patrol request for project testing,Synthetic fictional request; not a report of a real incident
265,30,38,MEDICAL_EMERGENCY,4,2026-08-05T17:41:00Z,2026-08-05T18:09:00Z,PENDING,AMBULANCE,4,88,Synthetic medical emergency request for project testing,Synthetic fictional request; not a report of a real incident
266,3,43,ACCESS_CONTROL,2,2026-08-04T02:43:00Z,2026-08-04T06:48:00Z,ASSIGNED,PATROL_OFFICER,1,42,Synthetic access control request for project testing,Synthetic fictional request; not a report of a real incident
267,45,19,CROWD_CONTROL,4,2026-08-07T05:35:00Z,2026-08-07T06:11:00Z,ASSIGNED,CROWD_CONTROL_TEAM,59,77,Synthetic crowd control request for project testing,Synthetic fictional request; not a report of a real incident
268,45,39,SUSPICIOUS_ACTIVITY,3,2026-08-05T21:11:00Z,2026-08-05T22:35:00Z,PENDING,PATROL_OFFICER,1,60,Synthetic suspicious activity request for project testing,Synthetic fictional request; not a report of a real incident
269,4,44,SECURITY_ESCORT,3,2026-08-06T14:04:00Z,2026-08-06T15:41:00Z,PENDING,PATROL_OFFICER,1,56,Synthetic security escort request for project testing,Synthetic fictional request; not a report of a real incident
270,3,38,SECURITY_ESCORT,4,2026-08-03T18:48:00Z,2026-08-03T19:18:00Z,CANCELLED,PATROL_OFFICER,1,79,Synthetic security escort request for project testing,Synthetic fictional request; not a report of a real incident
271,25,23,SUSPICIOUS_ACTIVITY,4,2026-08-02T01:21:00Z,2026-08-02T01:56:00Z,COMPLETED,PATROL_OFFICER,1,72,Synthetic suspicious activity request for project testing,Synthetic fictional request; not a report of a real incident
272,4,15,WELFARE_CHECK,2,2026-08-05T03:04:00Z,2026-08-05T08:53:00Z,ASSIGNED,PATROL_OFFICER,1,40,Synthetic welfare check request for project testing,Synthetic fictional request; not a report of a real incident
273,44,40,ACCESS_CONTROL,2,2026-08-06T18:03:00Z,2026-08-06T23:27:00Z,COMPLETED,PATROL_OFFICER,1,38,Synthetic access control request for project testing,Synthetic fictional request; not a report of a real incident
274,1,12,ROAD_OBSTRUCTION,3,2026-08-02T04:55:00Z,2026-08-02T06:39:00Z,COMPLETED,PATROL_VEHICLE,1,58,Synthetic road obstruction request for project testing,Synthetic fictional request; not a report of a real incident
275,30,44,FIRE_ALARM,5,2026-08-04T10:24:00Z,2026-08-04T10:39:00Z,PENDING,FIRE_RESPONSE_UNIT,10,100,Synthetic fire alarm request for project testing,Synthetic fictional request; not a report of a real incident
276,45,25,SECURITY_ESCORT,2,2026-08-06T11:30:00Z,2026-08-06T14:15:00Z,COMPLETED,PATROL_OFFICER,1,36,Synthetic security escort request for project testing,Synthetic fictional request; not a report of a real incident
277,3,21,ACCESS_CONTROL,2,2026-08-04T08:05:00Z,2026-08-04T11:15:00Z,ASSIGNED,PATROL_OFFICER,1,41,Synthetic access control request for project testing,Synthetic fictional request; not a report of a real incident
278,44,30,FIRE_ALARM,4,2026-08-07T04:22:00Z,2026-08-07T04:57:00Z,COMPLETED,FIRE_RESPONSE_UNIT,51,81,Synthetic fire alarm request for project testing,Synthetic fictional request; not a report of a real incident
279,25,34,CROWD_CONTROL,5,2026-08-01T15:52:00Z,2026-08-01T16:10:00Z,PENDING,CROWD_CONTROL_TEAM,66,90,Synthetic crowd control request for project testing,Synthetic fictional request; not a report of a real incident
280,44,13,NIGHT_PATROL_REQUEST,1,2026-08-07T05:51:00Z,2026-08-07T17:48:00Z,COMPLETED,MOTORCYCLE_PATROL,1,26,Synthetic night patrol request for project testing,Synthetic fictional request; not a report of a real incident
281,45,37,MEDICAL_EMERGENCY,5,2026-08-06T01:04:00Z,2026-08-06T01:13:00Z,ASSIGNED,AMBULANCE,5,100,Synthetic medical emergency request for project testing,Synthetic fictional request; not a report of a real incident
282,4,3,ROAD_OBSTRUCTION,3,2026-08-05T14:35:00Z,2026-08-05T16:33:00Z,PENDING,PATROL_VEHICLE,1,57,Synthetic road obstruction request for project testing,Synthetic fictional request; not a report of a real incident
283,45,14,THEFT_REPORT,3,2026-08-05T16:19:00Z,2026-08-05T17:55:00Z,IN_PROGRESS,INVESTIGATION_TEAM,1,56,Synthetic theft report request for project testing,Synthetic fictional request; not a report of a real incident
284,3,20,MEDICAL_EMERGENCY,5,2026-08-05T19:54:00Z,2026-08-05T20:08:00Z,PENDING,AMBULANCE,1,100,Synthetic medical emergency request for project testing,Synthetic fictional request; not a report of a real incident
285,1,30,FIRE_ALARM,5,2026-08-05T00:12:00Z,2026-08-05T00:21:00Z,COMPLETED,FIRE_RESPONSE_UNIT,58,100,Synthetic fire alarm request for project testing,Synthetic fictional request; not a report of a real incident
286,44,36,MEDICAL_EMERGENCY,4,2026-08-04T18:44:00Z,2026-08-04T19:22:00Z,PENDING,AMBULANCE,4,82,Synthetic medical emergency request for project testing,Synthetic fictional request; not a report of a real incident
287,30,45,THEFT_REPORT,3,2026-08-02T08:24:00Z,2026-08-02T09:33:00Z,ASSIGNED,INVESTIGATION_TEAM,1,61,Synthetic theft report request for project testing,Synthetic fictional request; not a report of a real incident
288,44,13,NIGHT_PATROL_REQUEST,1,2026-08-03T07:27:00Z,2026-08-03T14:29:00Z,COMPLETED,MOTORCYCLE_PATROL,1,22,Synthetic night patrol request for project testing,Synthetic fictional request; not a report of a real incident
289,4,11,ACCESS_CONTROL,1,2026-08-02T09:26:00Z,2026-08-02T18:27:00Z,PENDING,PATROL_OFFICER,1,19,Synthetic access control request for project testing,Synthetic fictional request; not a report of a real incident
290,1,32,SUSPICIOUS_ACTIVITY,4,2026-08-02T00:12:00Z,2026-08-02T00:46:00Z,COMPLETED,PATROL_OFFICER,1,74,Synthetic suspicious activity request for project testing,Synthetic fictional request; not a report of a real incident
291,45,43,ROAD_OBSTRUCTION,4,2026-08-02T03:06:00Z,2026-08-02T03:46:00Z,PENDING,PATROL_VEHICLE,1,73,Synthetic road obstruction request for project testing,Synthetic fictional request; not a report of a real incident
292,1,41,WELFARE_CHECK,3,2026-08-01T17:23:00Z,2026-08-01T18:47:00Z,COMPLETED,PATROL_OFFICER,1,61,Synthetic welfare check request for project testing,Synthetic fictional request; not a report of a real incident
293,4,45,SECURITY_ESCORT,4,2026-08-01T20:27:00Z,2026-08-01T20:53:00Z,COMPLETED,PATROL_OFFICER,1,75,Synthetic security escort request for project testing,Synthetic fictional request; not a report of a real incident
294,1,41,THEFT_REPORT,4,2026-08-01T22:15:00Z,2026-08-01T22:54:00Z,COMPLETED,INVESTIGATION_TEAM,1,75,Synthetic theft report request for project testing,Synthetic fictional request; not a report of a real incident
295,45,34,WELFARE_CHECK,3,2026-08-06T14:07:00Z,2026-08-06T15:27:00Z,COMPLETED,PATROL_OFFICER,1,56,Synthetic welfare check request for project testing,Synthetic fictional request; not a report of a real incident
296,30,25,NIGHT_PATROL_REQUEST,2,2026-08-04T19:25:00Z,2026-08-04T22:01:00Z,PENDING,MOTORCYCLE_PATROL,1,42,Synthetic night patrol request for project testing,Synthetic fictional request; not a report of a real incident
297,4,39,ACCESS_CONTROL,2,2026-08-05T13:12:00Z,2026-08-05T16:03:00Z,ASSIGNED,PATROL_OFFICER,1,37,Synthetic access control request for project testing,Synthetic fictional request; not a report of a real incident
298,45,11,NIGHT_PATROL_REQUEST,2,2026-08-01T10:42:00Z,2026-08-01T15:41:00Z,PENDING,MOTORCYCLE_PATROL,1,36,Synthetic night patrol request for project testing,Synthetic fictional request; not a report of a real incident
299,45,35,MEDICAL_EMERGENCY,4,2026-08-03T03:30:00Z,2026-08-03T04:01:00Z,PENDING,AMBULANCE,5,85,Synthetic medical emergency request for project testing,Synthetic fictional request; not a report of a real incident
300,30,11,CROWD_CONTROL,4,2026-08-03T09:08:00Z,2026-08-03T09:29:00Z,PENDING,CROWD_CONTROL_TEAM,18,79,Synthetic crowd control request for project testing,Synthetic fictional request; not a report of a real incident
